$GPTXT,01,01,02,u-blox ag - www.u-blox.com*50
$GPTXT,01,01,02,HW  UBX-G70xx   00070000 FF7FFFFFo*69

$GPTXT,01,01,02,ROM CORE 1.00 (59842) Jun 27 2012 17:43:52*59
$GPTXT,01,01,02,PROTVER 14.00*1E

$GPTXT,01,01,02,ANTSUPERV=AC SD PDoS SR*20
$GPTXT,01,01,02,ANTSTATUS=OK*3B

$GPTXT,01,01,02,LLC FFFFFFFF-FFFFFFFF-FFFFFFFF-FFFFFFFF-FFFFFFFD*2C

$GPRMC,145908.00,V,,,,,,,030625,,,N*7E
$GPVTG,,,,,,,,,N*30
$GPGGA,145908.00,,,,,0,00,99.99,,,,,,*67
$GPGSA,A,1,,,,,,,,,,,,,99.99,99.99,99.99*30

$GPGSV,5,1,19,01,,,30,03,,,33,04,,,34,05,,,35*74
$GPGSV,5,2,19,06,,,35,07,,,34,11,,,35,12,,,31*71

$GPGSV,5,3,19,14,,,35,15,,,31,16,,,30,17,,,28*7A
$GPGSV,5,4,19,20,,,23,21,,,31,22,,,32,24,,,29*7E
$GPGSV,5,5,19,26,,,31,27,,,31,37,,,29*7F
$GPGLL,,,,,145908.00,V,N*4B

$GPRMC,145909.00,V,,,,,,,030625,,,N*7F
$GPVTG,,,,,,,,,N*30
$GPGGA,145909.00,,,,,0,00,99.99,,,,,,*66
$GPGSA,A,1,,,,,,,,,,,,,99.99,99.99,99.99*30

$GPGSV,5,1,19,01,,,29,03,,,32,04,,,33,05,,,35*7A
$GPGSV,5,2,19,06,,,31,07,,,31,11,,,35,12,,,29*79
$GPGSV,5,3,19,14,,,34,15,,,30,16,,,30,17,,,27*75
$GPGSV,5,4,19,20,,,19,21,,,30,22,,,31,24,,,29*75

$GPGSV,5,5,19,26,,,30,27,,,29,37,,,28*76
$GPGLL,,,,,145909.00,V,N*4A

$GPRMC,145910.00,V,,,,,,,030625,,,N*77
$GPVTG,,,,,,,,,N*30
$GPGGA,145910.00,,,,,0,00,99.99,,,,,,*6E
$GPGSA,A,1,,,,,,,,,,,,,99.99,99.99,99.99*30

$GPGSV,5,1,19,01,,,29,03,,,32,04,,,33,05,,,34*7B
$GPGSV,5,2,19,06,,,32,07,,,32,11,,,34,12,,,29*78
$GPGSV,5,3,19,14,,,34,15,,,30,16,,,30,17,,,28*7A

$GPGSV,5,4,19,20,,,27,21,,,30,22,,,31,24,,,29*78

$GPGSV,5,5,19,26,,,30,27,,,30,37,,,29*7F
$GPGLL,,,,,145910.00,V,N*42

$GPRMC,145911.00,V,,,,,,,030625,,,N*76
$GPVTG,,,,,,,,,N*30
$GPGGA,145911.00,,,,,0,00,99.99,,,,,,*6F
$GPGSA,A,1,,,,,,,,,,,,,99.99,99.99,99.99*30

$GPGSV,5,1,19,01,,,28,03,,,32,04,,,33,05,,,34*7A
$GPGSV,5,2,19,06,,,34,07,,,33,11,,,33,12,,,30*70

$GPGSV,5,3,19,14,,,34,15,,,31,16,,,30,17,,,28*7B

$GPGSV,5,4,19,20,,,24,21,,,31,22,,,32,24,,,29*79

$GPGSV,5,5,19,26,,,31,27,,,30,37,,,29*7E

$GPGLL,,,,,145911.00,V,N*43

$GPRMC,145912.00,V,,,,,,,030625,,,N*75
$GPVTG,,,,,,,,,N*30
$GPGGA,145912.00,,,,,0,00,99.99,,,,,,*6C

$GPGSA,A,1,,,,,,,,,,,,,99.99,99.99,99.99*30

$GPGSV,5,1,18,01,,,29,03,,,32,04,,,33,05,,,34*7A
$GPGSV,5,2,18,06,,,30,07,,,32,11,,,33,12,,,30*74

$GPGSV,5,3,18,14,,,31,15,,,31,16,,,29,17,,,28*77

$GPGSV,5,4,18,21,,,30,22,,,32,24,,,29,26,,,29*72
$GPGSV,5,5,18,27,,,30,37,,,29*79

$GPGLL,,,,,145912.00,V,N*40

$GPRMC,145913.00,V,,,,,,,030625,,,N*74
$GPVTG,,,,,,,,,N*30
$GPGGA,145913.00,,,,,0,00,99.99,,,,,,*6D
$GPGSA,A,1,,,,,,,,,,,,,99.99,99.99,99.99*30

$GPGSV,5,1,18,01,,,28,03,,,32,04,,,33,05,,,34*7B

$GPGSV,5,2,18,06,,,31,07,,,33,11,,,33,12,,,31*75
$GPGSV,5,3,18,14,,,32,15,,,31,16,,,30,17,,,29*7D
$GPGSV,5,4,18,21,,,30,22,,,32,24,,,29,26,,,30*7A

$GPGSV,5,5,18,27,,,30,37,,,29*79
$GPGLL,,,,,145913.00,V,N*41

